,0,1,2,3,4,5,6,7
0,11.572295810608345,11.880216130711172,12.848288930320686,10.838537946165996,12.648853724494924,13.973644699792553,12.428460761710982,11.283858758714223
1,15.077941961958963,13.835761819333687,12.32867923612408,14.257260820529524,9.363863780886964,11.60937435092778,19.310967317574995,14.050780756643588
2,10.571169639446957,10.176899261627026,11.758246307951202,10.40348790714501,10.72300402186685,10.311437918959182,11.313579241669222,11.740607559291277
3,10.756361373816466,13.616406950773444,11.269539435795835,10.824785569537685,11.14496105717132,12.617998431886317,13.246954477767757,12.3454571173317
4,8.680634794686998,9.475751075281753,7.094171402231273,9.073187595243398,9.463370338280033,9.03317793186837,9.943065580025905,8.998419478131654
5,14.518078211315618,12.622270059304162,9.736218373121124,12.452003083641474,13.41254554775457,9.969301877581879,12.087964180993875,13.100393892492527
6,10.311600213669294,10.470308821371328,10.650991598608657,12.804303880301697,13.179349101597884,12.96514596893931,12.656844453394058,10.5960083620047
7,15.794741124098895,15.85374616731866,11.76336651246982,13.274775538041627,12.573182743767436,12.656090627391785,11.113027804584119,13.632626426717966
8,11.301845873098094,13.73519336941467,12.186129194614786,12.934736359202237,11.921080482053043,11.35733436260694,12.204238925609532,11.753215494198317
9,14.840386099601595,7.40526518565626,16.28459958123976,15.515561105312818,16.1285300768006,13.402987711563963,13.09880128594925,13.332614557761872
10,13.722571797201523,9.650713102392231,16.018811771590848,11.06518362624805,11.815789870371384,10.399752318077875,10.654779801699974,13.685407351520263
11,11.527432222290212,8.62281961482519,10.871779605897594,10.85851133611858,11.201414623681087,10.286067632925086,8.654810010980587,9.774776328455635
12,10.745864565981103,7.896481183342647,9.20656729360174,10.498013439869132,10.788694457362155,8.80389393065177,10.740398088681863,10.000054393338548
13,12.68555307709659,10.788983984700725,9.637072074387413,12.991819552767941,10.399883181882126,10.154934152571146,12.590878646232635,9.583213373701028
14,10.676774966770612,13.226270400895341,12.834382626858403,11.804174163143784,12.721476334023329,11.229326824272771,12.493351075063465,12.727739880008462
15,14.821627645443462,11.568467324935034,12.18910507664566,12.455284197837678,12.347869506402498,12.540476983612052,12.508633395583209,13.07457159803547
16,11.40232231990284,9.880295151694817,10.71461336328102,10.679657333660282,13.806060158944744,12.467569577248312,9.854323306349105,11.544998155173984
17,12.266528307186494,10.34753776121024,12.538964937540799,6.699016964658079,14.467722288439361,11.558587561889931,9.913419234893377,8.419914014540815
18,11.630943995938646,11.874530896168372,10.985384973046024,12.007336272251644,12.955707677885094,11.555190171005883,10.459431451500603,11.188878151107582
19,13.51753091150353,12.163386140542942,13.72334872783076,10.055869923008078,15.521338328451709,13.374792925395782,9.988514606283522,13.332308546068477
20,9.013651629056566,12.579353574155054,10.79960237821065,9.053796841743148,11.735499209987928,11.14956312719382,9.208437757707447,12.058700279187834
21,12.316792674865026,11.419870397846152,12.804389966653195,11.756961440838401,8.515495980101521,10.161926143862386,8.77877663275433,9.526121046021633
22,11.678162275123308,9.385412455036594,11.357521205014121,12.88620551223618,11.747773107347227,9.706952142367793,10.063623605698305,8.485103194675377
23,13.143805378564325,8.622837132105595,12.998097510774517,11.303432530679085,10.414066606449724,13.03503742227035,11.328849492147878,11.061863111750146
24,10.351941363508985,12.053711821817371,10.699763278982836,12.632030181113404,10.834576059589203,11.176375024841704,11.39129348936231,14.449186891530275
25,10.27682085600669,10.56587525035797,11.182381304281245,7.626441337397092,12.511183639486898,11.505626652172374,10.157081752025766,10.407388144139615
26,10.934647822361928,10.10756274258384,10.32317825063259,11.247734421459306,11.370484756348008,11.490009636760217,11.119979465967958,10.184300795963772
27,10.481645498660816,13.266179591777478,12.768969642687878,9.32462213868884,12.053286042789466,11.5283270223717,15.574137706378652,12.289915864624732
28,8.7576644799282,8.584933617853316,11.00787449120282,12.308621632079554,13.741284743685371,14.164742550619199,8.734948833682823,13.579241006340556
29,15.993976736522152,11.042351492785464,13.665965985899275,11.991486491980357,13.505872416228778,10.021970271619814,8.768431186167234,11.741450282758192
30,11.776248189076119,11.956625164628989,8.514588602867613,10.26093884915859,12.524838967674526,11.649514912182967,11.953228315837658,11.111675946793662
31,11.633250609759566,9.649432432488348,11.9020072249711,11.160941226795067,12.058629122829348,12.057156566827953,8.877425807805421,8.399649369820512
32,11.364236745563604,10.759076931629789,12.11660992299427,10.813335816227525,10.179052121295422,11.333590394086947,11.592911781673902,11.303137608194094
33,9.423522509106077,10.51198684744209,11.430902510687359,13.435385694336787,10.681488406471772,15.151194933861667,13.920165176786664,10.941056291083736
34,11.964919577304528,10.645414734294866,10.024674790917844,10.115148041292427,7.598855387138458,9.801623102799681,10.224978136443994,8.992157450319395
35,9.206779735636893,10.590886525832397,12.061185506188142,11.295738822873044,11.633026719538291,11.396575834252042,9.922768704610775,11.30002076835552
36,9.397931537660117,10.645483348855855,9.775460745864986,10.815376722218753,8.212597960896218,11.994772205255643,12.696404130825071,13.215741202405624
37,14.873359475883536,13.099352977721967,13.698285795709443,10.264360790469878,12.118630973836346,12.916733910098575,13.087301610324516,12.157317418599103
38,10.621814281718144,13.671868920508773,12.805265909732334,11.584277875000156,11.027309152446442,13.004210604305035,11.90899311869929,14.78973095703282
39,11.143150329690105,12.162003134076258,8.869610316975793,9.62519275159572,11.869178904003327,9.885975676480731,10.679369005298037,10.253018564351828
40,12.988048589022567,11.557756883382256,10.611210238787063,11.205855916493615,8.822011524156922,9.475051877586141,12.057368050889233,9.482503018411322
41,11.916935859919997,10.71247375132582,12.959950580406446,12.199850668291711,10.00088215128872,9.297089834058923,12.369588675932084,12.186677088681643
42,7.768915538446722,9.327169798860673,12.539097356865607,12.55493619100952,11.255692618007826,13.882131965547226,11.273578881792822,11.298267832687749
43,14.98518914445209,12.873596013939842,13.243055954268515,14.25075599517703,14.07435131826143,13.691291925295335,10.466333061993312,10.099791003364786
44,10.514662873990725,12.585063625416366,13.044389927242717,11.06754687383358,11.619916816015907,12.908398781044294,10.686814331643717,12.618358921123738
45,10.13610248675523,9.554812790250448,12.297522585137832,9.70024019990725,10.787855921050724,9.245380263360293,10.684089514041355,11.465550929439415
46,13.06596705984348,9.721132620829668,12.983802452496578,12.659571178406681,11.701014195341678,12.694026928987737,12.362978330268708,11.826629403008653
47,9.762599535299573,10.5622278251898,9.393725586604909,12.28321963868438,13.478942545784143,9.55265745322557,12.704186339526348,7.089156956474682
48,9.784524995183041,12.24138184214093,10.91585183151266,9.746667371555668,10.277389095101839,12.073113258660833,8.295602654653756,12.650882538707023
49,10.978110870959892,13.429300005007484,10.33443055030552,9.73141866476218,11.866957572126594,8.981852690816659,12.067765877099628,10.59999985047195
50,10.894936177768017,13.371565512051669,13.504084940100798,11.243195410817924,9.808050769958882,12.054009553181963,11.625965805229939,11.039761803555145
51,9.855094520180051,9.027998048739205,7.681135523079908,10.101224485589283,9.594988025026408,10.172084148239133,10.393857138378179,7.905848194025044
52,14.329495411900144,12.731289286605875,13.772841233009412,13.103759973207342,16.919382050350748,13.189195284189198,13.058817607478765,15.52262211703748
53,11.110488669354439,13.25356808546737,11.054454537489862,14.099175316931206,14.994370607641843,15.028184050777018,15.72004303854832,11.622098592698826
54,11.870193854408988,13.64622288575574,11.266062110517698,12.326198999865301,12.502973818596875,17.86656976186345,14.613490188987646,16.421364790260938
55,11.45689058461236,8.958206931720863,8.938213503505665,11.647751892369891,11.210665225016097,9.10575134818224,10.118807403690944,9.7908269679973
56,13.098674813149984,12.216737791092507,11.657987869788228,8.754241018333895,12.127802043894953,11.998123883749622,13.734496621569802,12.421520012024942
57,9.775437728305139,10.647248144848422,10.945112247825199,12.168688592290305,9.349262585653737,11.376222982632502,11.04571289938816,11.636357620874502
58,11.9935577720881,11.943437500473696,10.378695883504834,13.360905903540452,13.196773028697994,11.0708301258948,11.113824991760296,12.279020993245854
59,11.199923304616,8.949930051162855,8.837410592543481,10.944495052703287,9.774557437593185,11.358560411886007,13.32281165303899,12.825422614295013
60,11.985839411238095,10.59129524331996,10.633550073540631,8.266353620952456,11.582986905757277,11.769053998833053,11.5856244027044,11.036874718535413
61,12.54768835319375,10.807759319903072,10.283213432475812,12.221224151302058,11.953131737520426,11.20170242654512,13.36302991293932,10.738204699033142
62,9.808169945746574,11.690317905088921,11.135322604197203,13.43619938717012,12.603610193082757,8.274427877430032,13.954271286914286,14.801579830261021
63,14.1795878467487,12.855696900273351,10.963582461553809,12.827878814784059,12.251878563703388,15.631213458634416,14.38614939993767,13.382143760559837
64,14.171730423048233,12.610547384522322,10.796106738453537,13.870663295285663,12.40452245745373,11.561882927874837,14.628765375798643,14.808809588925895
65,9.64600838893409,12.769653837599533,10.369867052604596,12.7476790430111,11.385938390125444,11.919416180114194,9.589079839889918,13.095885046388515
66,13.006683131049604,12.436901522734457,10.818641057646381,13.705623399023937,8.854208167947137,12.706086556868454,13.09411162214605,9.78566127039027
67,13.819614453523679,13.88515874739643,13.637422947038184,15.575149471268896,12.842647579408286,8.948516024091731,10.710111076488502,11.95212634726629
68,8.749566678893208,13.23796979322371,11.728593490443535,12.273592972736834,11.690273411230494,11.07110347184275,11.388949150566267,8.82665508253168
69,9.606889977586187,13.160431575469486,9.927912109106453,9.212821677249925,11.780899613848552,12.394096527695877,8.775991137156106,10.333569187630829
70,11.941827544771495,10.924282547027833,10.804130860060756,10.6977915835242,11.206774258519605,11.224272088301019,8.646150316604558,13.370975267012694
71,10.621034115645683,10.229793821801891,9.676266246076494,11.025106780715786,11.332019788469239,9.810966935685,11.462963134510844,9.534452089381844
72,12.409903372518752,14.806956107066632,13.261908516569417,11.79578885447918,11.601069692183113,8.813893678623081,12.408679367029048,12.66445436617454
73,10.629496708984487,10.981551421661834,11.086146199722695,9.961640001940752,11.976320971009505,14.131718182670596,10.536860609448125,11.886825969473868
74,10.545697961677494,9.905168968365926,8.724525827690869,8.308441167182838,11.349906833381837,10.357251357505382,12.053519643655076,11.178132651731863
75,10.15422886143832,12.095140075962444,10.741889179956841,12.129468732949647,9.187551009687983,8.595688184173676,11.520413881642362,11.633846770190706
76,10.65789992910636,9.145399086277399,8.49847631481928,9.391072511184525,9.00375105637446,9.927626038108452,9.229610492498447,9.764622318391243
77,13.80391503919248,11.735151218847625,14.07567144446745,12.793585197401324,13.188024421871543,11.101791038993525,12.35374707345848,12.527399153060168
78,12.184290367777294,12.008978929589915,11.272326897472007,12.277414732490842,12.98007870698132,13.738797729681691,12.630744454045796,9.477379855580903
79,12.75098068802536,12.530474988296369,11.364642340908846,11.256558040876282,11.015306177234985,10.846380554815887,8.697357432066557,13.254746488893142
80,11.040571792879838,10.122385270529886,10.149845559997395,9.512140036217996,11.561282291084161,9.825161685077521,11.548759118380183,8.297951285162895
81,11.871159492443828,11.371785371248281,11.874893610829371,11.56625651766473,11.3679408586085,7.7688175156695705,12.326925442430033,9.434615443515243
82,10.185695835939221,11.257781178192824,8.998050947905405,9.424718542812474,12.518269945525443,9.963184273145938,10.369257249658295,11.650869914775104
83,10.098030464715393,12.669436207066672,12.413542313747875,15.829839066591811,12.33432539526129,7.987689984215531,12.345096954607438,11.742262753129346
84,10.14793532287077,10.133559369036334,9.619717402151522,10.657857732844928,7.9237585656676925,12.78473362209523,8.990353362319704,9.573235795443244
85,15.906572666564296,10.783709304050948,10.807609869805685,11.126704541682619,10.804970414515633,9.853489244354051,11.853354706045032,12.271858707671885
86,11.363032616686395,11.867998198568799,12.596583680277195,11.500841061854471,13.597785712752875,8.872767369174433,10.6446281441927,10.695656488614858
87,11.884050569722417,15.34985333760186,14.276657051994789,11.299533397020461,11.078641646366549,15.495193829119957,11.726831361464741,13.602518067633008
88,9.203634316635524,9.569885372636154,14.998983095348418,11.269748213757886,10.398828322153733,8.007169470084346,9.181676494241238,11.257223457667367
89,10.72420184107084,11.357197281767533,9.633991687334579,11.423597483657034,8.963655633043658,8.484589288944314,11.255057973474251,8.822932065190882
90,14.4725715954364,9.492923471181582,11.3439239014116,11.50649954198479,11.055316844452124,11.11605031908156,13.857964962594059,10.04564137698268
91,14.655467293761056,12.235035887441912,11.44582908992522,9.570300799817247,11.584515414024034,11.44044201321763,12.83857500301013,11.522579328889252
92,11.506879267705154,11.777135287509033,8.377082843767699,6.8928897006201355,8.821990306883103,10.16846751830583,12.86532483541198,9.468787717009256
93,11.925236143652343,13.590046525800437,11.52442860118347,13.652745666976493,12.22717306955183,11.087961104626725,9.98041935638707,11.196822760536387
94,11.622868651594183,10.149353792231018,11.991099628509025,8.884969667192294,8.152800177332884,12.978503233118737,11.15315509202532,10.083396032401032
95,13.761859977981125,10.908211174090578,12.21330898716731,11.132581202797134,9.627602411710516,10.944219250037403,12.196111580871502,13.240323581364555
96,8.94795829568767,13.999853319307615,9.70571681220184,13.24247779252949,11.01361880614237,10.241799012760396,11.67321967318515,11.31778015275426
97,9.881338659383315,12.49442575023431,9.959943163257904,12.391833434483146,8.263910688323813,9.209412877372646,10.233321413944772,12.896658939483489
98,11.262229497828352,10.382818080237852,10.83372766607926,10.482213737455298,8.114701051026849,10.911944232997815,9.443258328073536,11.644645927250624
99,11.61116266749786,11.283375031972913,11.98366331908687,11.418719317903049,13.045961606111296,11.518529167887317,10.38997806106674,11.969590613535441
100,13.963405799725322,12.206310357712987,8.956251931286229,12.995534567096053,15.007554554323432,12.434081340797068,12.325877703058199,14.890714549134362
101,12.291891126563003,11.346924514306226,9.329141402768157,10.071281404869731,12.642839833880288,8.471017974607316,10.314755597552766,11.448159234117176
102,12.63742443412279,10.17770279875199,13.147316943217742,11.489152183494916,11.851861959754473,9.878166259686724,8.187657147377465,9.97655100188991
103,9.874076706759361,11.792615811291345,12.545841944251398,11.972055232658057,14.42620389949711,12.587753486120405,12.889551335618123,10.853887480068733
104,13.373320837400135,10.85790327918171,12.260903231638583,12.089043614300817,11.437912338378354,9.5741452682563,9.984895958073924,11.585499741384387
105,12.558642868277952,10.509735086127755,10.660665275463245,12.938669486246578,9.12383749969461,12.58499217843291,12.979015050343122,9.871026362278066
106,12.182176612813604,12.385732681532057,12.263701760377693,13.642333646243628,14.050714364424197,12.445068247199501,13.25350544934843,11.098947275648145
107,11.681393874277033,11.182846213537887,12.21857498252253,11.81956158273357,11.11385692462191,11.473321016578959,10.29807137640277,13.39923566314032
108,7.682957697018068,13.573930384549692,10.21518468083843,10.5469297934701,10.331944663847917,15.535279426750089,10.044237724470877,9.78031060666975
109,12.167655094179302,11.083239580044939,15.680375526614968,11.110143336462668,12.611620902925164,17.287811167167796,13.744096849656168,11.145228597448478
110,12.491293466981443,10.016685961567196,10.580225998846684,12.79662389947826,12.549597309389677,10.63684047017939,12.62609039142753,9.084993711333013
111,9.54631017461594,11.256202104328285,12.442857374579653,11.723129848741873,8.367154684078658,11.349070745904047,11.944627951990872,12.601966919283216
112,11.565281346660127,11.18626215028401,11.859862021128635,12.02892850233638,9.063881776008248,11.86116402752374,9.747934276203656,10.376035942298987
113,14.481868200951034,11.61734072146887,9.766404731913587,12.916392255310381,10.872227987644767,10.204017590569254,10.135829831638757,11.846504741505157
114,9.84697930370059,13.199213969168651,12.32317735278068,12.115665784075025,9.577484373150298,12.663140431063539,9.008565482544345,11.900160071083874
115,10.505131818332938,7.355323053458061,10.26614581747503,10.213782557309699,9.069112513860748,8.51694262766815,7.910746725479084,9.489623902389857
116,11.909466766174086,7.721775630401347,12.089421591388776,10.587871010490804,10.58871726558403,11.822561436295818,11.614542084342856,9.682128560105873
117,13.873350947790332,9.926606165718788,12.469468531942795,9.583394429141546,11.253188452832376,11.709470112033078,12.52959216186075,15.245865420704058
118,10.371404422385819,8.531882011286465,11.062907626892649,10.764855440883238,8.200142374648806,11.165674648952358,13.035916552893408,11.779041124369002
119,12.83189290218602,12.670729039164481,10.45857561237865,11.978971942890638,12.48178418422393,12.340365934284906,12.605093244390542,12.758183928036654
120,13.039947250106335,12.387543903733912,8.233537528368545,10.640910884101672,10.22273064582466,11.77175833413108,11.129376524225268,10.941733064676667
121,11.833382539154124,8.022553321922953,11.33941612521337,13.066250821306815,12.134969491802028,12.495981521024158,11.741953805064018,11.94947774249106
122,14.163435950615622,12.244426182533065,10.474396889357775,12.97310732295756,9.008009715232378,11.403258441459656,12.337632584875143,11.768416125910521
123,13.120354310558124,11.847629797299799,12.17291967982292,8.838006490769375,11.365603835474065,12.406947325069758,10.750034967911464,12.862309522289042
124,10.069568627412776,11.25604531173743,12.083908625451503,11.092931592066586,13.193366571820254,10.745408599639092,12.20023303629185,10.47243469931924
125,10.144072156675973,11.661960265918635,9.292045468636747,14.291465339379577,15.15241984977856,11.679284006869075,11.555379117938791,13.7304772775726
126,9.836670313990863,10.856608197174763,12.180092699308325,9.26798864703665,10.652900986057663,12.747992247502417,11.207783335690008,10.806709732762865
127,13.07557026003941,10.91309996548463,9.55233667825002,11.451831932738756,13.91243700024077,13.06652429974172,9.025410307145094,15.13466967781976
128,10.394982190168616,11.80669862651244,8.807149066069318,10.678687321025116,10.440257173222799,10.314789054316483,9.919003269172872,8.63024268414398
129,11.288672620891242,12.888781059630212,9.707814010218465,13.502774156141768,13.434841831641126,11.057668569550511,11.328672666076114,12.598219642016407
130,9.542480410922002,7.923154690928251,8.855594674376627,9.56370420129938,9.27035617062944,9.032624828934518,9.520016980052073,11.148538314232596
131,11.16098207930192,14.00133519846248,10.544084886728166,11.650330923295058,13.515491186840888,10.768216649118582,11.403874923844285,9.63761400516942
132,9.88739192735069,10.825500507767957,11.688615116824948,11.080547541982355,10.30391572542098,11.438994438612857,10.618105593233686,10.85894897690825
133,11.910683823019706,12.903327882386435,11.90913446145928,13.394450232135169,11.84836917568565,11.986024639706349,11.550574073452466,10.505174093877775
134,10.297524022800014,9.471455314485395,9.328829204984105,10.009652530118686,10.160283031090822,10.278500933886322,9.798517678466878,10.799572206633114
135,15.614261983458361,9.851819684367042,10.473176918995566,11.324196661749093,14.951842901460015,11.52152391064044,11.98975200578013,12.76588627085525
136,9.191349114462053,11.378420073228698,12.098542262913941,9.89919334620143,10.513031708124386,10.819702988887824,10.454460179095085,11.209922672510956
137,11.56014045053055,10.6643456524487,9.840966652935908,10.421303922461453,11.81547661447025,11.49940858046472,10.76595354472433,8.383563835810792
138,11.08283392109579,9.414307501339389,9.662928923710329,12.57758657922896,7.7938631326490935,8.241274382065436,11.762570753664484,6.240786796580717
139,9.213742752018481,11.770363466788256,9.883311084144687,10.883780577864963,10.931331602843922,7.573610283155745,10.082686262166824,9.891606390170892
140,14.223553505752653,8.334456505786697,12.283084753779908,11.171474234638222,12.79116063537032,14.874722823670728,12.748598366831592,11.338580237872678
141,11.805083454032786,14.31571373119851,10.713512452872399,10.443782733352158,12.616936098087328,11.251400998125108,13.129067979495417,14.195270741126452
142,8.888888012198969,10.851404827896726,10.110358836572546,11.306513796904486,10.42804523829717,8.892713784916271,9.632290594904731,11.06327094365555
143,11.322639243826961,13.64160143851577,8.417873740152185,13.026557591878722,11.61957520933244,12.23379599120203,10.901785523673349,13.28216012290218
144,10.394229774476758,10.855413400244892,10.709130783964776,11.315916605390482,10.976846747104368,11.668889637353956,10.342271587818606,11.203657235939245
145,10.029762059644767,9.725066090101262,8.881716407748193,8.43139529068197,9.382776450581556,9.562640519825889,10.909990768830387,11.872724634512988
146,11.63533874829871,8.202040624199393,13.795821290504147,9.77679874969772,8.83306330633361,13.015683619909172,10.964000597231617,10.422873507886624
147,10.162961690094184,10.476014442467987,9.645809763927705,9.49839414645187,10.622166418281896,12.74845719891246,10.299798672924084,9.342531237604733
148,11.411040477744777,9.941574854469119,12.433298733806375,12.198301614895964,11.169898898312555,12.41906883547822,11.178047059892041,10.631100782085941
149,10.465607397727638,12.13775266560416,12.8423186170595,14.286127669513286,11.18602057669965,10.786943494933993,10.73714409457393,11.793573018177382
150,10.23334139340248,10.514403102426517,11.840375102377699,7.6602837278932405,9.18896986323734,8.161209501547159,12.016040207601273,10.893880179533095
151,10.459246172684106,11.658764262675456,11.594912910426114,10.83391400242167,11.685030667085776,11.059390396171862,10.978483794870296,9.694652546430719
152,15.961494630799779,12.573734409614696,12.70192318133597,10.46782074829387,12.769407709538445,13.618471017929549,13.771338135823306,11.91908471349937
153,11.560075791676704,10.718328420321004,12.516638522864898,10.081056749465965,12.681105212143068,9.872887164355861,10.739271241613746,10.03945461960312
154,13.591740083650041,12.125797391389993,12.436973341879765,12.511072691354517,14.019210112157516,9.388000271550514,14.122358266823307,13.61674671605379
155,12.070620034715745,9.918335574881539,12.771578924214742,12.194054865860963,11.933254919300554,11.306278341722471,10.807630290424225,12.764449785653062
156,11.395215646860702,10.509135782868833,11.420146093602176,9.161342869208605,10.526927560763989,15.046783982700541,8.546382281775772,11.087449758255282
157,11.407123033298063,12.282099104340382,12.255702343762598,10.89662588417914,11.382455351436406,9.358920126396121,10.486780191366865,12.771550861694124
158,12.241763272872191,13.8904799631435,12.927293063619892,12.955997219424733,13.199197510980632,12.313775996105385,12.714338594561278,11.19410350985822
159,9.393979721477926,11.369977910776225,10.40605785068142,12.732800278405582,10.681259144647088,8.716338579308474,9.344251603858034,8.967462737823446
160,12.593704834426422,14.105428564521642,8.540163409325187,10.862649299851778,12.399687635764392,10.443953228464398,11.525791722378793,11.631608258761098
161,11.47364780731785,11.41699910529403,8.557451522059306,9.316667654310459,11.9056527715416,11.895842745634779,9.150987611538474,11.731771679411121
162,13.779560654409314,14.215858782866306,15.40765126338431,13.983017952013359,13.935611619125847,13.590382128952857,11.170323800703947,12.247506989572914
163,10.977506177964594,11.912842477433374,9.969656713278363,12.873420084308325,15.27258158433954,12.027579274577631,13.38949622042058,14.998294778818586
164,14.593990432997595,12.895136600308714,15.043161107798575,9.808163086158261,11.306142981863372,12.342875093063,11.708153778869969,11.372457780236884
165,10.573213566915598,13.779741401427085,14.416410711296187,10.314403522300605,10.64209502630451,13.42464519991953,16.126824418848617,13.505153661393855
166,12.700913444582405,11.219990779605466,10.859133247713174,12.881038101644345,13.185710431629737,11.922034614784868,12.154759193977775,11.3730074983261
167,10.86030298982449,10.641041679490552,9.530523289437566,10.372904962015298,13.746263617552211,12.17093595326121,11.221569889206025,12.255087700955643
168,12.670382335163897,10.158256905366251,11.621237074851557,10.99259837355387,16.669458553605384,10.239993019684391,9.109110089970283,10.1991948853087
169,14.396567343997162,13.801971605037192,12.71179572411654,14.147100686349422,14.179256851097245,11.096307455971143,9.738544885215534,12.273304889552518
170,15.597687772330438,11.548070397170035,10.731799736764254,10.652557311694231,10.734065179771838,11.437294029148815,14.614282925141042,12.195248478314548
171,10.222432897268108,12.10911059124005,13.480870971446377,12.575039348793556,12.624536312701181,12.45120873401399,12.743134749232931,11.523224227665315
172,11.38308283972596,10.990820233908588,10.309995681895709,13.872996774296576,10.790044071182681,13.520040722513796,11.689641158231186,10.731533513830023
173,10.595268000226946,13.273101618220972,12.42712325142497,9.92939447371844,11.849319789448213,10.80019207132408,12.469751630337592,11.571454492373004
174,8.56801317217201,11.670687697946228,9.800285153136635,7.7308607707496595,11.164106582526482,10.689945857842678,9.979574484826696,10.636270444504012
175,8.905166020050306,9.65968806518898,12.702882413820458,13.185760653909222,11.160701107294363,12.538715362911827,12.151290207144806,11.84079646841807
176,10.574442290888875,9.814790841616372,8.216036000722282,8.997723507572225,7.449339495614136,8.372940744863087,8.511021937370774,8.69774990092646
177,13.840534671191904,12.077097239505322,9.400443648352129,14.027536186963955,11.766181215190219,12.33110383129822,12.266265976814651,8.815946317013594
178,11.092905369930465,11.903943735842066,8.537660930946648,11.493569287441534,10.598200238222805,11.952224814013457,8.66179268761081,10.204838427819274
179,10.37503667629675,12.301644613433385,9.449464698563338,12.240814640932488,11.330701131556532,12.48802104858277,10.66547788042259,10.494655704444412
180,12.224622568124893,14.699737442700465,13.20060066374572,10.052126357810295,14.30260618340076,14.803864339632574,13.474437324130012,11.807206083168573
181,8.631541457672672,13.174773368484331,12.550440944666292,13.404463507775873,13.749498575475872,10.840363591189043,14.509798175628788,11.790017437620726
182,12.82504340220085,13.028565980380376,8.747039090838774,10.16024495334224,10.38923008574502,9.580373867514945,12.750822010705178,10.731787028598026
183,7.057031160661327,10.706705825007223,10.178630458872647,10.973206932969457,11.376654448389289,8.957418562236647,10.923212402248897,10.838288444436726
184,10.62926727611792,9.021222991092472,10.207474939363012,6.92777544120659,9.622237868029508,12.65677035571013,11.937328475164131,11.44828737852556
185,10.100529608251724,9.754577132919328,10.85737585442976,11.09661295990248,10.91747866975119,10.842627002425276,11.160248364329581,10.7568431803732
186,11.436819116034872,11.353399811816647,12.09353672266575,8.596710017504508,10.473316793061283,10.72377699641922,10.463364402110106,10.912999933397707
187,9.272784947609697,11.699537770565001,13.42173572247518,12.928628157785926,10.912222581828242,14.007492711815624,11.356700945823924,9.97380360252462
188,10.75910193464956,11.853523030221075,11.708068936464612,11.0309671965229,13.2276726034116,12.299131063687584,13.127799917618983,10.5032302924507
189,13.529561222222807,10.765280461370548,14.14746811442515,8.795401791240932,11.318457530260712,12.265246240157216,11.592442415718075,10.072077516388804
190,13.858250284222871,12.670645531739058,13.194815132403754,14.566448775508817,11.677559063916256,14.12466758081479,10.307770304589527,14.41636507435354
191,14.400431670419465,12.314408932541689,11.732034972515676,9.967648277441869,11.021728003888747,9.03892918567265,11.948865275559736,9.844858099107906
192,9.54388127871103,11.06143644031301,9.645064715850774,12.49705660987987,14.288696680716576,8.588168265964503,14.04955466821978,14.053843422671168
193,13.608046460087108,12.51004070823001,14.499315028418227,10.368788717582733,10.235863169283384,14.690449314654671,13.756754528760347,13.858352101768293
194,12.694859717749264,10.82424926402967,14.53275127786272,11.585125458846473,11.142302121963665,11.71044847584952,14.138647413868362,11.363181409243165
195,9.371006252358368,12.849216714581907,13.553777414679681,7.257895684222102,11.300798927485232,14.035435877066067,11.018499855789,12.049809679727352
196,8.57031688558829,13.673136696307537,11.309766418848469,13.20675027409006,11.617314129997492,10.299155107790341,8.752521960679626,11.350352349286819
197,12.337534867419686,10.849135036999801,12.545446457799017,9.826140049659621,10.484798145187586,10.953066431764933,11.487287880860816,8.075675457199385
198,10.793445134141605,10.477115953628404,11.287636098492303,13.77600541919889,11.542744241361639,10.704281105158838,9.654115129372006,12.559218589527267
199,10.29069798059587,11.210327756567464,9.594354692482415,9.830571622171437,8.769200270518533,9.80612084831585,10.193677547152953,10.8852353650451
200,11.498155577541327,11.97099743893709,12.936459269921457,13.314001461270346,12.718231874609382,11.795568925334873,9.291525616216061,11.060539286268465
201,9.10988337299484,10.121477929697267,9.472417300746322,12.01127345306321,9.236219538722793,9.26748993335508,8.566159269244004,10.118580499540931
202,10.518563118541428,12.68337255471557,14.007177608428211,5.848452024395162,10.460960917415019,11.854173534917932,14.79071306807954,13.402314288629562
203,11.619976995571136,9.057019627402877,13.907220834352495,13.037385253362698,8.595012621700665,9.565772312817558,11.754251457955315,11.341286890817548
204,9.8103529460012,12.346278912060816,8.655754265626634,10.210019583958246,9.261377147032938,9.614552620035827,10.636549822610787,8.135987760444545
205,12.662524432068688,12.064133288796597,9.356668715042181,11.15549217592814,10.501271046601362,17.038033837247294,12.051096871730804,10.49377190839132
206,13.05432417814913,10.824498575895108,12.695249402223077,9.58468940891781,10.373350308098773,11.379750650468303,13.284121126194684,11.551374187829472
207,11.931727716385799,11.060354392194823,13.605692359568557,11.847755992493985,11.290445899600721,10.0623957408012,13.29326640863002,12.304491515678448
208,9.965584857659325,12.241615545421906,12.724742111081635,16.637785868512005,13.827293400274808,10.949177815627602,14.9418442693917,13.189652807210132
209,13.077644996683125,9.85007933933737,16.85120044234899,11.769228718543694,12.333751985233253,14.679080736199744,13.589509331462674,12.174328431996289
210,9.570562041818052,10.397116471509893,10.050083374207691,11.096739539392964,10.510870616759801,12.483672378699769,10.83559470935315,10.641195981770744
211,9.687016402594537,9.397923074492008,7.561462327211187,12.235387332708934,12.246922051701956,10.474404044992928,12.239896327642983,6.949438533357205
212,12.6100113762702,10.513595349053775,12.52855754036235,12.840609872920504,13.15320770397317,11.041964398565561,11.907237856618377,10.614322346774944
213,8.888246377717682,9.919945350986385,9.60158288658472,8.342064254355122,8.335846686668413,9.766204332330862,14.432857775593527,9.266049148410298
214,11.144830643568653,6.815000560754881,10.733131129247358,11.395295692188107,12.45947554533035,12.164398429155092,9.568377027492582,12.356762926155744
215,11.685598714785336,10.906339114913296,11.229605509663047,10.315733148947071,12.278057027765565,13.63685282584152,12.106104337532653,8.765968019799061
216,8.254243866339932,11.174373143929104,11.78669555889067,9.419205239075524,11.821857393161896,11.085928679143372,11.02322383333784,12.15737257789161
217,9.863952995739478,9.85955812008004,9.111599221216565,11.282089160726928,12.243336859540259,12.72087219223905,12.901164239285336,9.689342096725643
218,10.36343985363935,9.757530891033534,9.116762313290488,10.22928011739796,11.103602491427116,8.80232491753431,10.053036623653094,7.62924113480999
219,12.655513184896494,12.268371071387032,10.743152967715442,12.247051514397025,9.749959722562968,13.128999956028192,12.079853371846104,14.000385449722337
220,9.40066117939544,12.306917963294016,13.5891968298369,10.51565709263702,9.701694793394996,10.54621613967053,8.54411815236007,12.839768806439
221,11.489031388111934,11.136732265479353,10.994095246569305,12.075072263515779,10.870230467525225,10.9440819661785,11.520694815032174,8.203505272631201
222,8.72048745064288,11.954294352959245,13.186177049392551,8.28980622571243,11.435205800169111,13.809291679842582,8.681302250379057,9.648215004774217
223,10.181279954838073,12.961262335113386,12.261919618941846,10.99834617211169,11.13920179960928,9.723170967980732,8.382938679320464,10.07741322306854
224,10.518683693243311,12.890201111824512,12.942244059919794,10.933156173037938,11.069376921481755,15.218070299528723,12.064917628962355,13.20605626690799
225,12.043141425141314,12.893651933927947,12.649059461524585,12.724086396890536,10.301584295436665,14.889938972469968,12.7018708861878,13.010569467696117
226,9.624692552746293,9.779057211564323,9.556392827481965,11.171630647048326,12.30178965259477,7.898385883174044,11.904651699470026,9.618122330512744
227,13.098801989133138,13.633253908034693,13.66167462591156,12.066562938005953,10.44660720175888,13.042484355439116,13.133899789104005,9.651994704888104
228,16.795356487888178,12.803563523668332,16.010446017245584,11.205512559229836,12.243580089557414,13.722497759339689,16.24912606668277,11.090753611693273
229,8.596395448104545,12.196383461009392,12.398342326511566,11.29267817762157,13.296662294051984,13.470027897006378,12.382752848066053,9.670916113734027
230,13.016067687552434,12.089385471486235,12.174167264040902,9.329671872429596,11.081612661974026,11.781352309796134,13.630777872786169,12.088179318753777
231,11.228037345377619,9.990944634948944,11.688891058633168,8.572459944703004,11.93296227173056,10.79680144944015,11.721091009197863,12.313921924907277
232,9.282436269378136,9.860131489627616,9.6639108519915,9.287840082489042,8.364147799179253,10.190229556435197,10.563620902536723,9.153739642358499
233,11.646067365120826,9.46605595172811,10.616412557428054,8.971108275771728,14.983476583746013,10.54917099549029,10.95809580973394,9.194880369446796
234,10.489584589495852,13.408815612751894,11.410696976107028,13.803432688971315,12.369970121165688,12.477350740532763,9.636028327875067,12.163894059564521
235,12.494573555087404,13.340930476798503,14.436942592035736,12.712918574732226,13.0749529633443,13.977366495703643,11.969758136878493,12.486290010482564
236,10.285706606374708,11.997228268385694,13.199369738527333,12.11156483143155,10.313996047923775,11.561236353126652,12.398360686011234,11.186263449290246
237,10.746631886399738,10.358143818611577,11.293579246927077,9.59055900813463,12.30357871320511,11.969406324913411,10.66783169345286,12.186904684642517
238,7.286283827175087,11.384825010846209,9.819806383824238,11.026218235253417,10.988435492505975,11.681674610968177,10.870536797589903,10.693431062187656
239,12.593627576388446,9.349825928635472,11.838670522186277,11.634721599002141,10.200373948259507,9.782405207611731,11.55922829014481,10.901185971842695
240,14.983367893498261,10.847937697596773,15.278728975905098,15.113612018201643,9.328815848127977,11.68672945047847,13.824714335011517,11.79319059335402
241,10.457787529043848,9.731523308897808,9.78290788750792,9.227331768396493,10.445098601052264,12.262048177125637,10.37934986463756,12.38901523647243
242,13.1142172074059,12.264413417686322,11.74488049833948,12.749682504444664,10.072395559822333,11.71364553059224,10.526315726026406,9.89443703325242
243,14.286563958777686,13.175595679395386,11.730355710645112,11.448369236322286,11.350117016859848,10.900092278486529,13.009066738405092,9.758611155233423
244,13.865143631805722,9.363034930521936,10.230732691937312,14.2698555932149,12.565984760086609,11.602326722957581,12.05408070126299,14.368808806712863
245,10.586536622380104,13.144349087901384,9.972404553598146,11.733850502697624,10.361954115255493,10.10118587390013,9.976349437043456,11.641916362253784
246,11.935442659227864,12.627529624018466,13.919982877315077,11.173802179627335,14.273435056874455,11.68738233220299,13.798720498184307,6.49895014370617
247,10.278397129711866,10.551701824154266,8.429901107202925,10.925149312822542,10.734845976646813,10.482289273137237,11.681932503658594,10.285191150875123
248,11.848374587968687,10.759308502365624,11.94674298937182,12.957265029858942,11.680196507019073,11.995106447133022,10.05369116197405,10.739201528563477
249,11.054769163809965,11.681482900043822,10.016127566604279,8.730542704726417,10.100910254135314,10.412867988261963,9.401592228888232,9.898780906768033
250,12.625369937308871,12.369233529662253,13.75834721241302,11.960475183790669,11.583602821178122,14.980844474808636,11.583298166464319,13.685086786105957
251,13.554926695044236,18.169022705836873,15.582946856330214,16.04161019909477,11.551797346324863,14.254552620249566,10.117778572647566,16.571326470103227
252,7.869471724443551,13.601691755681715,8.102357482958721,13.159301634483054,11.105528553902838,11.576952122028775,11.34387640753298,11.623100526428702
253,10.711793825995546,10.872301756307117,10.025203077633982,7.495941306629821,11.793793521643353,10.531232557449874,10.55740219295754,12.578634835899711
254,11.437305922641528,9.883258533454402,9.094249138563514,11.410844432659745,10.30799271864616,8.821030705235714,7.199693024468454,14.184498218966047
255,12.762427307847952,12.624402853598824,12.080592322631961,14.874708059146288,12.246465000272206,10.036787604271076,12.413722953139574,14.97814938867568
256,13.10220318638131,10.618953468113698,10.900890894275339,11.820702878819016,11.44801636204286,12.100315841478313,12.42480592085885,12.744641920980811
257,11.923900107638767,11.364208232285856,10.498990947410023,10.904765523909653,11.931835533198548,11.498576234160545,9.152171106285644,10.869650240820436
258,11.85312050561071,13.138095802799125,13.290448117377137,13.411207305327961,12.244179772191076,11.82042776449236,12.940808999219723,10.10255844092396
259,10.873137379900912,13.534067786392317,11.9643044070439,10.73219155828064,12.539252478213278,9.421261095240165,11.877501279627223,11.216849952413291
260,10.210269156586394,9.818182507553827,11.189985338554292,11.162618319666436,8.752852022943706,11.035062762159324,11.026789063881099,11.401784973983474
261,8.459764732702455,12.229419555925077,7.927511969885171,9.685983789960117,7.743696143385862,11.517026856613438,9.100633674672553,9.621769097586727
262,11.847573637298343,13.042147707790463,9.27826645424779,14.534779900593474,8.540329751267304,11.225155673883096,9.153608602350031,11.586670309898953
263,10.575253487922886,14.003501596591718,14.385941231073321,12.804788291761618,11.260375245126713,15.628084463101612,9.146488772869152,13.209414806297705
264,10.167552454054434,10.708296593981714,10.958593234077485,10.877856919976969,11.180544892691664,11.359016771614435,11.22260451413104,10.425614229826676
265,13.720406803394118,12.506842062585084,11.35434256915426,11.693861734664257,8.824130673146755,12.852373853251347,8.923798501171074,12.372709012850121
266,9.425887864821934,8.65696423442994,10.718677520038515,9.282455541066318,13.594369606612732,12.581666589831208,11.997723405108266,10.615297999120433
267,12.104507966682126,11.964686336714792,11.538959492644617,10.331711896460483,9.671337623514386,11.01746710364258,11.160497934982667,8.9265015764557
268,12.205001003768055,12.27678904136404,13.328013361470422,10.585891120230002,8.057469482210301,12.905506981345768,11.8659583226749,10.672442834773763
269,11.54763109270423,4.8215335110831585,9.381788394131672,9.390346540055502,8.211931122185636,9.121650420179268,10.674990984080203,10.045812330000805
270,14.516158034995804,10.741850965122717,13.137145562651217,12.142565316161743,12.573426217347132,12.726434741464184,12.210244343568544,11.279690263932933
271,12.094784719625562,8.205974059325284,10.186816156094553,11.888565886764711,12.349579229283869,11.87619435098382,11.867381816545661,10.899997937056156
272,10.533777347069316,9.34414050081238,8.587641634169275,10.49240977964997,12.751582478132015,11.10478651785352,11.589977247732048,11.374895159312892
273,10.827741574969604,9.365090125089706,12.31519565306275,9.467226860220672,10.599254635751933,11.074217177390159,10.79385990969833,11.905181874396218
274,11.828501172401209,11.830740813866578,12.89860599620133,12.912004584377273,11.338276487112598,14.605030072519927,9.747138237608176,13.35000291929099
275,10.360356927990884,10.572252014240863,11.767184039545029,10.246678976652955,12.267429267799637,9.265132059216121,14.409265380805616,12.186008321612334
276,11.211741579260948,15.040803474131812,9.608662719576133,10.45924689012488,11.454352870345543,11.276489415046623,11.157457515896537,12.124104568567457
277,9.737320511181068,9.679603575603435,8.75795693980785,8.751779636031399,9.539231162105091,10.10562794247995,9.324720904977532,9.764883922388035
278,10.483082708169524,13.570458961372461,9.93082629285719,14.46064221011655,12.621654575780378,10.618524964510193,10.948095066445095,13.222309499744398
279,8.766902799467289,10.826192397081716,11.25933195065483,11.793037275834665,11.812722238110485,10.823220351931933,12.826168082701692,10.042430814110956
280,11.133462325025326,8.76950451819774,9.423284289093631,11.490235323428484,13.90221466923444,12.769213297606619,12.584592501979474,12.689056722728857
281,10.905747399593029,8.277992795417786,10.70510203002702,11.791999907798534,8.78384482210029,10.376537029669787,10.385832504215426,9.629046809940405
282,16.28488048389115,13.7913439646605,14.456033782357135,10.133060584633798,9.309567007828147,12.569806101948405,14.299774476728944,12.00972457915434
283,11.96495275283771,11.277951990627953,9.449275840116139,11.145353445640477,9.424306804348515,11.08930800528612,9.804699155875056,10.745718412853336
284,8.86503740728713,12.30660223690983,10.43808348149638,6.735925058060979,10.908499668191672,9.42438269956935,8.907058793528545,11.087627312620604
285,12.821632570211701,10.7917298183298,12.77249403452417,13.770850797773619,11.7755142656373,15.333391647867833,13.993479788640345,12.664247793097987
286,11.50404410491986,8.00657129414291,9.945556927297122,10.216951412788191,11.409930392197909,10.425347096616141,8.47192203991099,12.105087706862724
287,9.109200050485725,9.421886545423583,7.58457106737208,10.6145908271778,9.198951865164815,10.099201605000719,10.070124493302227,9.996865456550617
288,10.098597095163964,13.039269409542044,12.161386278761617,11.496164616611633,10.234582619604414,11.324622004608667,9.428588845679396,11.81672580064301
289,11.412999931809232,10.766829058842676,11.90791632456655,9.29434599903622,9.08517039056131,11.477326769702564,10.051740124469113,11.553811680799448
290,12.618635891112325,11.84514219941745,10.763595557868042,11.365249993447877,12.925323835161436,12.733380519227776,11.57075015555762,8.888068936941174
291,11.672271391719363,11.727251861204477,11.361942690011555,14.011047333401637,12.052987362559305,13.307800734039633,12.910749419617733,13.892259009938673
292,10.271580724844766,8.443308051319741,12.116907505192383,9.944121071205288,12.685681705993145,9.773588142486304,11.805906337068349,10.434439665310045
293,11.855667050410938,9.956588238241814,9.951778847345604,12.30613339778654,16.199389417547064,12.93882102747261,11.093923558950378,12.265387725871495
294,12.840814285910202,12.528268047308904,12.15242738246953,10.79915974689691,11.988464977121705,9.261453964054482,12.712109869474247,10.480238067898398
295,11.547748449171223,11.456665880058315,13.615120979408783,11.839397513877179,8.497691612522434,11.064023617452056,10.260275752977579,11.623242610329143
296,11.59549852727558,9.0467397929505,10.387308906524854,10.146933028933365,8.58701614060989,9.199277690115133,10.74595046606902,11.584372145305466
297,8.425918127159688,10.408745283550049,9.317655091320496,12.939300680389088,13.491607960616385,13.668195650788409,11.543254705818406,10.38515381392674
298,8.907718980260222,10.03403085268949,12.42829234196298,9.965795693225694,10.106752959655012,12.207577410040765,10.280760301953997,10.010269449378757
299,10.251849108401068,12.633566783148046,14.744559738676287,10.876508750074485,12.267349069127773,9.870129904746062,13.312785819359652,12.382898487270722
